state,id,name,province_code,code
Aceh,wilayah_city_11.05,KAB. ACEH BARAT,11,05
Aceh,wilayah_city_11.12,KAB. ACEH BARAT DAYA,11,12
Aceh,wilayah_city_11.06,KAB. ACEH BESAR,11,06
Aceh,wilayah_city_11.14,KAB. ACEH JAYA,11,14
Aceh,wilayah_city_11.01,KAB. ACEH SELATAN,11,01
Aceh,wilayah_city_11.1,KAB. ACEH SINGKIL,11,1
Aceh,wilayah_city_11.16,KAB. ACEH TAMIANG,11,16
Aceh,wilayah_city_11.04,KAB. ACEH TENGAH,11,04
Aceh,wilayah_city_11.02,KAB. ACEH TENGGARA,11,02
Aceh,wilayah_city_11.03,KAB. ACEH TIMUR,11,03
Aceh,wilayah_city_11.08,KAB. ACEH UTARA,11,08
Aceh,wilayah_city_11.17,KAB. BENER MERIAH,11,17
Aceh,wilayah_city_11.11,KAB. BIREUEN,11,11
Aceh,wilayah_city_11.13,KAB. GAYO LUES,11,13
Aceh,wilayah_city_11.15,KAB. NAGAN RAYA,11,15
Aceh,wilayah_city_11.07,KAB. PIDIE,11,07
Aceh,wilayah_city_11.18,KAB. PIDIE JAYA,11,18
Aceh,wilayah_city_11.09,KAB. SIMEULUE,11,09
Aceh,wilayah_city_11.71,KOTA BANDA ACEH,11,71
Aceh,wilayah_city_11.74,KOTA LANGSA,11,74
Aceh,wilayah_city_11.73,KOTA LHOKSEUMAWE,11,73
Aceh,wilayah_city_11.72,KOTA SABANG,11,72
Aceh,wilayah_city_11.75,KOTA SUBULUSSALAM,11,75
Bali,wilayah_city_51.03,KAB. BADUNG,51,03
Bali,wilayah_city_51.06,KAB. BANGLI,51,06
Bali,wilayah_city_51.08,KAB. BULELENG,51,08
Bali,wilayah_city_51.04,KAB. GIANYAR,51,04
Bali,wilayah_city_51.01,KAB. JEMBRANA,51,01
Bali,wilayah_city_51.07,KAB. KARANGASEM,51,07
Bali,wilayah_city_51.05,KAB. KLUNGKUNG,51,05
Bali,wilayah_city_51.02,KAB. TABANAN,51,02
Bali,wilayah_city_51.71,KOTA DENPASAR,51,71
Banten,wilayah_city_36.02,KAB. LEBAK,36,02
Banten,wilayah_city_36.01,KAB. PANDEGLANG,36,01
Banten,wilayah_city_36.04,KAB. SERANG,36,04
Banten,wilayah_city_36.03,KAB. TANGERANG,36,03
Banten,wilayah_city_36.72,KOTA CILEGON,36,72
Banten,wilayah_city_36.73,KOTA SERANG,36,73
Banten,wilayah_city_36.71,KOTA TANGERANG,36,71
Banten,wilayah_city_36.74,KOTA TANGERANG SELATAN,36,74
Bengkulu,wilayah_city_17.01,KAB. BENGKULU SELATAN,17,01
Bengkulu,wilayah_city_17.09,KAB. BENGKULU TENGAH,17,09
Bengkulu,wilayah_city_17.03,KAB. BENGKULU UTARA,17,03
Bengkulu,wilayah_city_17.04,KAB. KAUR,17,04
Bengkulu,wilayah_city_17.08,KAB. KEPAHIANG,17,08
Bengkulu,wilayah_city_17.07,KAB. LEBONG,17,07
Bengkulu,wilayah_city_17.06,KAB. MUKO MUKO,17,06
Bengkulu,wilayah_city_17.02,KAB. REJANG LEBONG,17,02
Bengkulu,wilayah_city_17.05,KAB. SELUMA,17,05
Bengkulu,wilayah_city_17.71,KOTA BENGKULU,17,71
Yogyakarta,wilayah_city_34.02,KAB. BANTUL,34,02
Yogyakarta,wilayah_city_34.03,KAB. GUNUNGKIDUL,34,03
Yogyakarta,wilayah_city_34.01,KAB. KULON PROGO,34,01
Yogyakarta,wilayah_city_34.04,KAB. SLEMAN,34,04
Yogyakarta,wilayah_city_34.71,KOTA YOGYAKARTA,34,71
Jakarta,wilayah_city_31.01,KAB. ADM. KEP. SERIBU,31,01
Jakarta,wilayah_city_31.73,KOTA ADM. JAKARTA BARAT,31,73
Jakarta,wilayah_city_31.71,KOTA ADM. JAKARTA PUSAT,31,71
Jakarta,wilayah_city_31.74,KOTA ADM. JAKARTA SELATAN,31,74
Jakarta,wilayah_city_31.75,KOTA ADM. JAKARTA TIMUR,31,75
Jakarta,wilayah_city_31.72,KOTA ADM. JAKARTA UTARA,31,72
Gorontalo,wilayah_city_75.02,KAB. BOALEMO,75,02
Gorontalo,wilayah_city_75.03,KAB. BONE BOLANGO,75,03
Gorontalo,wilayah_city_75.01,KAB. GORONTALO,75,01
Gorontalo,wilayah_city_75.05,KAB. GORONTALO UTARA,75,05
Gorontalo,wilayah_city_75.04,KAB. POHUWATO,75,04
Gorontalo,wilayah_city_75.71,KOTA GORONTALO,75,71
Jambi,wilayah_city_15.04,KAB. BATANGHARI,15,04
Jambi,wilayah_city_15.08,KAB. BUNGO,15,08
Jambi,wilayah_city_15.01,KAB. KERINCI,15,01
Jambi,wilayah_city_15.02,KAB. MERANGIN,15,02
Jambi,wilayah_city_15.05,KAB. MUARO JAMBI,15,05
Jambi,wilayah_city_15.03,KAB. SAROLANGUN,15,03
Jambi,wilayah_city_15.06,KAB. TANJUNG JABUNG BARAT,15,06
Jambi,wilayah_city_15.07,KAB. TANJUNG JABUNG TIMUR,15,07
Jambi,wilayah_city_15.09,KAB. TEBO,15,09
Jambi,wilayah_city_15.71,KOTA JAMBI,15,71
Jambi,wilayah_city_15.72,KOTA SUNGAI PENUH,15,72
Jawa Barat,wilayah_city_32.04,KAB. BANDUNG,32,04
Jawa Barat,wilayah_city_32.17,KAB. BANDUNG BARAT,32,17
Jawa Barat,wilayah_city_32.16,KAB. BEKASI,32,16
Jawa Barat,wilayah_city_32.01,KAB. BOGOR,32,01
Jawa Barat,wilayah_city_32.07,KAB. CIAMIS,32,07
Jawa Barat,wilayah_city_32.03,KAB. CIANJUR,32,03
Jawa Barat,wilayah_city_32.09,KAB. CIREBON,32,09
Jawa Barat,wilayah_city_32.05,KAB. GARUT,32,05
Jawa Barat,wilayah_city_32.12,KAB. INDRAMAYU,32,12
Jawa Barat,wilayah_city_32.15,KAB. KARAWANG,32,15
Jawa Barat,wilayah_city_32.08,KAB. KUNINGAN,32,08
Jawa Barat,wilayah_city_32.1,KAB. MAJALENGKA,32,1
Jawa Barat,wilayah_city_32.18,KAB. PANGANDARAN,32,18
Jawa Barat,wilayah_city_32.14,KAB. PURWAKARTA,32,14
Jawa Barat,wilayah_city_32.13,KAB. SUBANG,32,13
Jawa Barat,wilayah_city_32.02,KAB. SUKABUMI,32,02
Jawa Barat,wilayah_city_32.11,KAB. SUMEDANG,32,11
Jawa Barat,wilayah_city_32.06,KAB. TASIKMALAYA,32,06
Jawa Barat,wilayah_city_32.73,KOTA BANDUNG,32,73
Jawa Barat,wilayah_city_32.79,KOTA BANJAR,32,79
Jawa Barat,wilayah_city_32.75,KOTA BEKASI,32,75
Jawa Barat,wilayah_city_32.71,KOTA BOGOR,32,71
Jawa Barat,wilayah_city_32.77,KOTA CIMAHI,32,77
Jawa Barat,wilayah_city_32.74,KOTA CIREBON,32,74
Jawa Barat,wilayah_city_32.76,KOTA DEPOK,32,76
Jawa Barat,wilayah_city_32.72,KOTA SUKABUMI,32,72
Jawa Barat,wilayah_city_32.78,KOTA TASIKMALAYA,32,78
Jawa Tengah,wilayah_city_33.04,KAB. BANJARNEGARA,33,04
Jawa Tengah,wilayah_city_33.02,KAB. BANYUMAS,33,02
Jawa Tengah,wilayah_city_33.25,KAB. BATANG,33,25
Jawa Tengah,wilayah_city_33.16,KAB. BLORA,33,16
Jawa Tengah,wilayah_city_33.09,KAB. BOYOLALI,33,09
Jawa Tengah,wilayah_city_33.29,KAB. BREBES,33,29
Jawa Tengah,wilayah_city_33.01,KAB. CILACAP,33,01
Jawa Tengah,wilayah_city_33.21,KAB. DEMAK,33,21
Jawa Tengah,wilayah_city_33.15,KAB. GROBOGAN,33,15
Jawa Tengah,wilayah_city_33.2,KAB. JEPARA,33,2
Jawa Tengah,wilayah_city_33.13,KAB. KARANGANYAR,33,13
Jawa Tengah,wilayah_city_33.05,KAB. KEBUMEN,33,05
Jawa Tengah,wilayah_city_33.24,KAB. KENDAL,33,24
Jawa Tengah,wilayah_city_33.1,KAB. KLATEN,33,1
Jawa Tengah,wilayah_city_33.19,KAB. KUDUS,33,19
Jawa Tengah,wilayah_city_33.08,KAB. MAGELANG,33,08
Jawa Tengah,wilayah_city_33.18,KAB. PATI,33,18
Jawa Tengah,wilayah_city_33.26,KAB. PEKALONGAN,33,26
Jawa Tengah,wilayah_city_33.27,KAB. PEMALANG,33,27
Jawa Tengah,wilayah_city_33.03,KAB. PURBALINGGA,33,03
Jawa Tengah,wilayah_city_33.06,KAB. PURWOREJO,33,06
Jawa Tengah,wilayah_city_33.17,KAB. REMBANG,33,17
Jawa Tengah,wilayah_city_33.22,KAB. SEMARANG,33,22
Jawa Tengah,wilayah_city_33.14,KAB. SRAGEN,33,14
Jawa Tengah,wilayah_city_33.11,KAB. SUKOHARJO,33,11
Jawa Tengah,wilayah_city_33.28,KAB. TEGAL,33,28
Jawa Tengah,wilayah_city_33.23,KAB. TEMANGGUNG,33,23
Jawa Tengah,wilayah_city_33.12,KAB. WONOGIRI,33,12
Jawa Tengah,wilayah_city_33.07,KAB. WONOSOBO,33,07
Jawa Tengah,wilayah_city_33.71,KOTA MAGELANG,33,71
Jawa Tengah,wilayah_city_33.75,KOTA PEKALONGAN,33,75
Jawa Tengah,wilayah_city_33.73,KOTA SALATIGA,33,73
Jawa Tengah,wilayah_city_33.74,KOTA SEMARANG,33,74
Jawa Tengah,wilayah_city_33.72,KOTA SURAKARTA,33,72
Jawa Tengah,wilayah_city_33.76,KOTA TEGAL,33,76
Jawa Timur,wilayah_city_35.26,KAB. BANGKALAN,35,26
Jawa Timur,wilayah_city_35.1,KAB. BANYUWANGI,35,1
Jawa Timur,wilayah_city_35.05,KAB. BLITAR,35,05
Jawa Timur,wilayah_city_35.22,KAB. BOJONEGORO,35,22
Jawa Timur,wilayah_city_35.11,KAB. BONDOWOSO,35,11
Jawa Timur,wilayah_city_35.25,KAB. GRESIK,35,25
Jawa Timur,wilayah_city_35.09,KAB. JEMBER,35,09
Jawa Timur,wilayah_city_35.17,KAB. JOMBANG,35,17
Jawa Timur,wilayah_city_35.06,KAB. KEDIRI,35,06
Jawa Timur,wilayah_city_35.24,KAB. LAMONGAN,35,24
Jawa Timur,wilayah_city_35.08,KAB. LUMAJANG,35,08
Jawa Timur,wilayah_city_35.19,KAB. MADIUN,35,19
Jawa Timur,wilayah_city_35.2,KAB. MAGETAN,35,2
Jawa Timur,wilayah_city_35.07,KAB. MALANG,35,07
Jawa Timur,wilayah_city_35.16,KAB. MOJOKERTO,35,16
Jawa Timur,wilayah_city_35.18,KAB. NGANJUK,35,18
Jawa Timur,wilayah_city_35.21,KAB. NGAWI,35,21
Jawa Timur,wilayah_city_35.01,KAB. PACITAN,35,01
Jawa Timur,wilayah_city_35.28,KAB. PAMEKASAN,35,28
Jawa Timur,wilayah_city_35.14,KAB. PASURUAN,35,14
Jawa Timur,wilayah_city_35.02,KAB. PONOROGO,35,02
Jawa Timur,wilayah_city_35.13,KAB. PROBOLINGGO,35,13
Jawa Timur,wilayah_city_35.27,KAB. SAMPANG,35,27
Jawa Timur,wilayah_city_35.15,KAB. SIDOARJO,35,15
Jawa Timur,wilayah_city_35.12,KAB. SITUBONDO,35,12
Jawa Timur,wilayah_city_35.29,KAB. SUMENEP,35,29
Jawa Timur,wilayah_city_35.03,KAB. TRENGGALEK,35,03
Jawa Timur,wilayah_city_35.23,KAB. TUBAN,35,23
Jawa Timur,wilayah_city_35.04,KAB. TULUNGAGUNG,35,04
Jawa Timur,wilayah_city_35.79,KOTA BATU,35,79
Jawa Timur,wilayah_city_35.72,KOTA BLITAR,35,72
Jawa Timur,wilayah_city_35.71,KOTA KEDIRI,35,71
Jawa Timur,wilayah_city_35.77,KOTA MADIUN,35,77
Jawa Timur,wilayah_city_35.73,KOTA MALANG,35,73
Jawa Timur,wilayah_city_35.76,KOTA MOJOKERTO,35,76
Jawa Timur,wilayah_city_35.75,KOTA PASURUAN,35,75
Jawa Timur,wilayah_city_35.74,KOTA PROBOLINGGO,35,74
Jawa Timur,wilayah_city_35.78,KOTA SURABAYA,35,78
Kalimantan Barat,wilayah_city_61.07,KAB. BENGKAYANG,61,07
Kalimantan Barat,wilayah_city_61.06,KAB. KAPUAS HULU,61,06
Kalimantan Barat,wilayah_city_61.11,KAB. KAYONG UTARA,61,11
Kalimantan Barat,wilayah_city_61.04,KAB. KETAPANG,61,04
Kalimantan Barat,wilayah_city_61.12,KAB. KUBU RAYA,61,12
Kalimantan Barat,wilayah_city_61.08,KAB. LANDAK,61,08
Kalimantan Barat,wilayah_city_61.1,KAB. MELAWI,61,1
Kalimantan Barat,wilayah_city_61.02,KAB. MEMPAWAH,61,02
Kalimantan Barat,wilayah_city_61.01,KAB. SAMBAS,61,01
Kalimantan Barat,wilayah_city_61.03,KAB. SANGGAU,61,03
Kalimantan Barat,wilayah_city_61.09,KAB. SEKADAU,61,09
Kalimantan Barat,wilayah_city_61.05,KAB. SINTANG,61,05
Kalimantan Barat,wilayah_city_61.71,KOTA PONTIANAK,61,71
Kalimantan Barat,wilayah_city_61.72,KOTA SINGKAWANG,61,72
Kalimantan Selatan,wilayah_city_63.11,KAB. BALANGAN,63,11
Kalimantan Selatan,wilayah_city_63.03,KAB. BANJAR,63,03
Kalimantan Selatan,wilayah_city_63.04,KAB. BARITO KUALA,63,04
Kalimantan Selatan,wilayah_city_63.06,KAB. HULU SUNGAI SELATAN,63,06
Kalimantan Selatan,wilayah_city_63.07,KAB. HULU SUNGAI TENGAH,63,07
Kalimantan Selatan,wilayah_city_63.08,KAB. HULU SUNGAI UTARA,63,08
Kalimantan Selatan,wilayah_city_63.02,KAB. KOTABARU,63,02
Kalimantan Selatan,wilayah_city_63.09,KAB. TABALONG,63,09
Kalimantan Selatan,wilayah_city_63.1,KAB. TANAH BUMBU,63,1
Kalimantan Selatan,wilayah_city_63.01,KAB. TANAH LAUT,63,01
Kalimantan Selatan,wilayah_city_63.05,KAB. TAPIN,63,05
Kalimantan Selatan,wilayah_city_63.72,KOTA BANJARBARU,63,72
Kalimantan Selatan,wilayah_city_63.71,KOTA BANJARMASIN,63,71
Kalimantan Tengah,wilayah_city_62.04,KAB. BARITO SELATAN,62,04
Kalimantan Tengah,wilayah_city_62.13,KAB. BARITO TIMUR,62,13
Kalimantan Tengah,wilayah_city_62.05,KAB. BARITO UTARA,62,05
Kalimantan Tengah,wilayah_city_62.1,KAB. GUNUNG MAS,62,1
Kalimantan Tengah,wilayah_city_62.03,KAB. KAPUAS,62,03
Kalimantan Tengah,wilayah_city_62.06,KAB. KATINGAN,62,06
Kalimantan Tengah,wilayah_city_62.01,KAB. KOTAWARINGIN BARAT,62,01
Kalimantan Tengah,wilayah_city_62.02,KAB. KOTAWARINGIN TIMUR,62,02
Kalimantan Tengah,wilayah_city_62.09,KAB. LAMANDAU,62,09
Kalimantan Tengah,wilayah_city_62.12,KAB. MURUNG RAYA,62,12
Kalimantan Tengah,wilayah_city_62.11,KAB. PULANG PISAU,62,11
Kalimantan Tengah,wilayah_city_62.07,KAB. SERUYAN,62,07
Kalimantan Tengah,wilayah_city_62.08,KAB. SUKAMARA,62,08
Kalimantan Tengah,wilayah_city_62.71,KOTA PALANGKARAYA,62,71
Kalimantan Timur,wilayah_city_64.03,KAB. BERAU,64,03
Kalimantan Timur,wilayah_city_64.07,KAB. KUTAI BARAT,64,07
Kalimantan Timur,wilayah_city_64.02,KAB. KUTAI KARTANEGARA,64,02
Kalimantan Timur,wilayah_city_64.08,KAB. KUTAI TIMUR,64,08
Kalimantan Timur,wilayah_city_64.11,KAB. MAHAKAM ULU,64,11
Kalimantan Timur,wilayah_city_64.01,KAB. PASER,64,01
Kalimantan Timur,wilayah_city_64.09,KAB. PENAJAM PASER UTARA,64,09
Kalimantan Timur,wilayah_city_64.71,KOTA BALIKPAPAN,64,71
Kalimantan Timur,wilayah_city_64.74,KOTA BONTANG,64,74
Kalimantan Timur,wilayah_city_64.72,KOTA SAMARINDA,64,72
Kalimantan Utara,wilayah_city_65.01,KAB. BULUNGAN,65,01
Kalimantan Utara,wilayah_city_65.02,KAB. MALINAU,65,02
Kalimantan Utara,wilayah_city_65.03,KAB. NUNUKAN,65,03
Kalimantan Utara,wilayah_city_65.04,KAB. TANA TIDUNG,65,04
Kalimantan Utara,wilayah_city_65.71,KOTA TARAKAN,65,71
Bangka Belitung,wilayah_city_19.01,KAB. BANGKA,19,01
Bangka Belitung,wilayah_city_19.05,KAB. BANGKA BARAT,19,05
Bangka Belitung,wilayah_city_19.03,KAB. BANGKA SELATAN,19,03
Bangka Belitung,wilayah_city_19.04,KAB. BANGKA TENGAH,19,04
Bangka Belitung,wilayah_city_19.02,KAB. BELITUNG,19,02
Bangka Belitung,wilayah_city_19.06,KAB. BELITUNG TIMUR,19,06
Bangka Belitung,wilayah_city_19.71,KOTA PANGKAL PINANG,19,71
Riau,wilayah_city_21.01,KAB. BINTAN,21,01
Riau,wilayah_city_21.02,KAB. KARIMUN,21,02
Riau,wilayah_city_21.05,KAB. KEPULAUAN ANAMBAS,21,05
Riau,wilayah_city_21.04,KAB. LINGGA,21,04
Riau,wilayah_city_21.03,KAB. NATUNA,21,03
Riau,wilayah_city_21.71,KOTA BATAM,21,71
Riau,wilayah_city_21.72,KOTA TANJUNG PINANG,21,72
Lampung,wilayah_city_18.04,KAB. LAMPUNG BARAT,18,04
Lampung,wilayah_city_18.01,KAB. LAMPUNG SELATAN,18,01
Lampung,wilayah_city_18.02,KAB. LAMPUNG TENGAH,18,02
Lampung,wilayah_city_18.07,KAB. LAMPUNG TIMUR,18,07
Lampung,wilayah_city_18.03,KAB. LAMPUNG UTARA,18,03
Lampung,wilayah_city_18.11,KAB. MESUJI,18,11
Lampung,wilayah_city_18.09,KAB. PESAWARAN,18,09
Lampung,wilayah_city_18.13,KAB. PESISIR BARAT,18,13
Lampung,wilayah_city_18.1,KAB. PRINGSEWU,18,1
Lampung,wilayah_city_18.06,KAB. TANGGAMUS,18,06
Lampung,wilayah_city_18.05,KAB. TULANG BAWANG,18,05
Lampung,wilayah_city_18.12,KAB. TULANG BAWANG BARAT,18,12
Lampung,wilayah_city_18.08,KAB. WAY KANAN,18,08
Lampung,wilayah_city_18.71,KOTA BANDAR LAMPUNG,18,71
Lampung,wilayah_city_18.72,KOTA METRO,18,72
Maluku,wilayah_city_81.04,KAB. BURU,81,04
Maluku,wilayah_city_81.09,KAB. BURU SELATAN,81,09
Maluku,wilayah_city_81.07,KAB. KEPULAUAN ARU,81,07
Maluku,wilayah_city_81.03,KAB. KEPULAUAN TANIMBAR,81,03
Maluku,wilayah_city_81.08,KAB. MALUKU BARAT DAYA,81,08
Maluku,wilayah_city_81.01,KAB. MALUKU TENGAH,81,01
Maluku,wilayah_city_81.02,KAB. MALUKU TENGGARA,81,02
Maluku,wilayah_city_81.06,KAB. SERAM BAGIAN BARAT,81,06
Maluku,wilayah_city_81.05,KAB. SERAM BAGIAN TIMUR,81,05
Maluku,wilayah_city_81.71,KOTA AMBON,81,71
Maluku,wilayah_city_81.72,KOTA TUAL,81,72
Maluku Utara,wilayah_city_82.01,KAB. HALMAHERA BARAT,82,01
Maluku Utara,wilayah_city_82.04,KAB. HALMAHERA SELATAN,82,04
Maluku Utara,wilayah_city_82.02,KAB. HALMAHERA TENGAH,82,02
Maluku Utara,wilayah_city_82.06,KAB. HALMAHERA TIMUR,82,06
Maluku Utara,wilayah_city_82.03,KAB. HALMAHERA UTARA,82,03
Maluku Utara,wilayah_city_82.05,KAB. KEPULAUAN SULA,82,05
Maluku Utara,wilayah_city_82.07,KAB. PULAU MOROTAI,82,07
Maluku Utara,wilayah_city_82.08,KAB. PULAU TALIABU,82,08
Maluku Utara,wilayah_city_82.71,KOTA TERNATE,82,71
Maluku Utara,wilayah_city_82.72,KOTA TIDORE KEPULAUAN,82,72
Nusa Tenggara Barat,wilayah_city_52.06,KAB. BIMA,52,06
Nusa Tenggara Barat,wilayah_city_52.05,KAB. DOMPU,52,05
Nusa Tenggara Barat,wilayah_city_52.01,KAB. LOMBOK BARAT,52,01
Nusa Tenggara Barat,wilayah_city_52.02,KAB. LOMBOK TENGAH,52,02
Nusa Tenggara Barat,wilayah_city_52.03,KAB. LOMBOK TIMUR,52,03
Nusa Tenggara Barat,wilayah_city_52.08,KAB. LOMBOK UTARA,52,08
Nusa Tenggara Barat,wilayah_city_52.04,KAB. SUMBAWA,52,04
Nusa Tenggara Barat,wilayah_city_52.07,KAB. SUMBAWA BARAT,52,07
Nusa Tenggara Barat,wilayah_city_52.72,KOTA BIMA,52,72
Nusa Tenggara Barat,wilayah_city_52.71,KOTA MATARAM,52,71
Nusa Tenggara Timur,wilayah_city_53.05,KAB. ALOR,53,05
Nusa Tenggara Timur,wilayah_city_53.04,KAB. BELU,53,04
Nusa Tenggara Timur,wilayah_city_53.08,KAB. ENDE,53,08
Nusa Tenggara Timur,wilayah_city_53.06,KAB. FLORES TIMUR,53,06
Nusa Tenggara Timur,wilayah_city_53.01,KAB. KUPANG,53,01
Nusa Tenggara Timur,wilayah_city_53.13,KAB. LEMBATA,53,13
Nusa Tenggara Timur,wilayah_city_53.21,KAB. MALAKA,53,21
Nusa Tenggara Timur,wilayah_city_53.1,KAB. MANGGARAI,53,1
Nusa Tenggara Timur,wilayah_city_53.15,KAB. MANGGARAI BARAT,53,15
Nusa Tenggara Timur,wilayah_city_53.19,KAB. MANGGARAI TIMUR,53,19
Nusa Tenggara Timur,wilayah_city_53.16,KAB. NAGEKEO,53,16
Nusa Tenggara Timur,wilayah_city_53.09,KAB. NGADA,53,09
Nusa Tenggara Timur,wilayah_city_53.14,KAB. ROTE NDAO,53,14
Nusa Tenggara Timur,wilayah_city_53.2,KAB. SABU RAIJUA,53,2
Nusa Tenggara Timur,wilayah_city_53.07,KAB. SIKKA,53,07
Nusa Tenggara Timur,wilayah_city_53.12,KAB. SUMBA BARAT,53,12
Nusa Tenggara Timur,wilayah_city_53.18,KAB. SUMBA BARAT DAYA,53,18
Nusa Tenggara Timur,wilayah_city_53.17,KAB. SUMBA TENGAH,53,17
Nusa Tenggara Timur,wilayah_city_53.11,KAB. SUMBA TIMUR,53,11
Nusa Tenggara Timur,wilayah_city_53.02,KAB. TIMOR TENGAH SELATAN,53,02
Nusa Tenggara Timur,wilayah_city_53.03,KAB. TIMOR TENGAH UTARA,53,03
Nusa Tenggara Timur,wilayah_city_53.71,KOTA KUPANG,53,71
Papua,wilayah_city_91.06,KAB. BIAK NUMFOR,91,06
Papua,wilayah_city_91.03,KAB. JAYAPURA,91,03
Papua,wilayah_city_91.11,KAB. KEEROM,91,11
Papua,wilayah_city_91.05,KAB. KEPULAUAN YAPEN,91,05
Papua,wilayah_city_91.2,KAB. MAMBERAMO RAYA,91,2
Papua,wilayah_city_91.1,KAB. SARMI,91,1
Papua,wilayah_city_91.19,KAB. SUPIORI,91,19
Papua,wilayah_city_91.15,KAB. WAROPEN,91,15
Papua,wilayah_city_91.71,KOTA JAYAPURA,91,71
Papua Barat,wilayah_city_92.03,KAB. FAK FAK,92,03
Papua Barat,wilayah_city_92.08,KAB. KAIMANA,92,08
Papua Barat,wilayah_city_92.02,KAB. MANOKWARI,92,02
Papua Barat,wilayah_city_92.11,KAB. MANOKWARI SELATAN,92,11
Papua Barat,wilayah_city_92.1,KAB. MAYBRAT,92,1
Papua Barat,wilayah_city_92.12,KAB. PEGUNUNGAN ARFAK,92,12
Papua Barat,wilayah_city_92.05,KAB. RAJA AMPAT,92,05
Papua Barat,wilayah_city_92.01,KAB. SORONG,92,01
Papua Barat,wilayah_city_92.04,KAB. SORONG SELATAN,92,04
Papua Barat,wilayah_city_92.09,KAB. TAMBRAUW,92,09
Papua Barat,wilayah_city_92.06,KAB. TELUK BINTUNI,92,06
Papua Barat,wilayah_city_92.07,KAB. TELUK WONDAMA,92,07
Papua Barat,wilayah_city_92.71,KOTA SORONG,92,71
Papua Pegunungan,wilayah_city_95.01,KAB. JAYAWIJAYA,95,01
Papua Pegunungan,wilayah_city_95.07,KAB. LANNY JAYA,95,07
Papua Pegunungan,wilayah_city_95.05,KAB. MAMBERAMO TENGAH,95,05
Papua Pegunungan,wilayah_city_95.08,KAB. NDUGA,95,08
Papua Pegunungan,wilayah_city_95.02,KAB. PEGUNUNGAN BINTANG,95,02
Papua Pegunungan,wilayah_city_95.04,KAB. TOLIKARA,95,04
Papua Pegunungan,wilayah_city_95.03,KAB. YAHUKIMO,95,03
Papua Pegunungan,wilayah_city_95.06,KAB. YALIMO,95,06
Papua Selatan,wilayah_city_93.04,KAB. ASMAT,93,04
Papua Selatan,wilayah_city_93.02,KAB. BOVEN DIGOEL,93,02
Papua Selatan,wilayah_city_93.03,KAB. MAPPI,93,03
Papua Selatan,wilayah_city_93.01,KAB. MERAUKE,93,01
Papua Tengah,wilayah_city_94.08,KAB. DEIYAI,94,08
Papua Tengah,wilayah_city_94.06,KAB. DOGIYAI,94,06
Papua Tengah,wilayah_city_94.07,KAB. INTAN JAYA,94,07
Papua Tengah,wilayah_city_94.04,KAB. MIMIKA,94,04
Papua Tengah,wilayah_city_94.01,KAB. NABIRE,94,01
Papua Tengah,wilayah_city_94.03,KAB. PANIAI,94,03
Papua Tengah,wilayah_city_94.05,KAB. PUNCAK,94,05
Papua Tengah,wilayah_city_94.02,KAB. PUNCAK JAYA,94,02
Riau,wilayah_city_14.03,KAB. BENGKALIS,14,03
Riau,wilayah_city_14.04,KAB. INDRAGIRI HILIR,14,04
Riau,wilayah_city_14.02,KAB. INDRAGIRI HULU,14,02
Riau,wilayah_city_14.01,KAB. KAMPAR,14,01
Riau,wilayah_city_14.1,KAB. KEPULAUAN MERANTI,14,1
Riau,wilayah_city_14.09,KAB. KUANTAN SINGINGI,14,09
Riau,wilayah_city_14.05,KAB. PELALAWAN,14,05
Riau,wilayah_city_14.07,KAB. ROKAN HILIR,14,07
Riau,wilayah_city_14.06,KAB. ROKAN HULU,14,06
Riau,wilayah_city_14.08,KAB. SIAK,14,08
Riau,wilayah_city_14.72,KOTA DUMAI,14,72
Riau,wilayah_city_14.71,KOTA PEKANBARU,14,71
Sulawesi Barat,wilayah_city_76.05,KAB. MAJENE,76,05
Sulawesi Barat,wilayah_city_76.03,KAB. MAMASA,76,03
Sulawesi Barat,wilayah_city_76.02,KAB. MAMUJU,76,02
Sulawesi Barat,wilayah_city_76.06,KAB. MAMUJU TENGAH,76,06
Sulawesi Barat,wilayah_city_76.01,KAB. PASANGKAYU,76,01
Sulawesi Barat,wilayah_city_76.04,KAB. POLEWALI MANDAR,76,04
Sulawesi Selatan,wilayah_city_73.03,KAB. BANTAENG,73,03
Sulawesi Selatan,wilayah_city_73.11,KAB. BARRU,73,11
Sulawesi Selatan,wilayah_city_73.08,KAB. BONE,73,08
Sulawesi Selatan,wilayah_city_73.02,KAB. BULUKUMBA,73,02
Sulawesi Selatan,wilayah_city_73.16,KAB. ENREKANG,73,16
Sulawesi Selatan,wilayah_city_73.06,KAB. GOWA,73,06
Sulawesi Selatan,wilayah_city_73.04,KAB. JENEPONTO,73,04
Sulawesi Selatan,wilayah_city_73.01,KAB. KEPULAUAN SELAYAR,73,01
Sulawesi Selatan,wilayah_city_73.17,KAB. LUWU,73,17
Sulawesi Selatan,wilayah_city_73.24,KAB. LUWU TIMUR,73,24
Sulawesi Selatan,wilayah_city_73.22,KAB. LUWU UTARA,73,22
Sulawesi Selatan,wilayah_city_73.09,KAB. MAROS,73,09
Sulawesi Selatan,wilayah_city_73.1,KAB. PANGKAJENE KEPULAUAN,73,1
Sulawesi Selatan,wilayah_city_73.15,KAB. PINRANG,73,15
Sulawesi Selatan,wilayah_city_73.14,KAB. SIDENRENG RAPPANG,73,14
Sulawesi Selatan,wilayah_city_73.07,KAB. SINJAI,73,07
Sulawesi Selatan,wilayah_city_73.12,KAB. SOPPENG,73,12
Sulawesi Selatan,wilayah_city_73.05,KAB. TAKALAR,73,05
Sulawesi Selatan,wilayah_city_73.18,KAB. TANA TORAJA,73,18
Sulawesi Selatan,wilayah_city_73.26,KAB. TORAJA UTARA,73,26
Sulawesi Selatan,wilayah_city_73.13,KAB. WAJO,73,13
Sulawesi Selatan,wilayah_city_73.71,KOTA MAKASSAR,73,71
Sulawesi Selatan,wilayah_city_73.73,KOTA PALOPO,73,73
Sulawesi Selatan,wilayah_city_73.72,KOTA PARE PARE,73,72
Sulawesi Tengah,wilayah_city_72.01,KAB. BANGGAI,72,01
Sulawesi Tengah,wilayah_city_72.07,KAB. BANGGAI KEPULAUAN,72,07
Sulawesi Tengah,wilayah_city_72.11,KAB. BANGGAI LAUT,72,11
Sulawesi Tengah,wilayah_city_72.05,KAB. BUOL,72,05
Sulawesi Tengah,wilayah_city_72.03,KAB. DONGGALA,72,03
Sulawesi Tengah,wilayah_city_72.06,KAB. MOROWALI,72,06
Sulawesi Tengah,wilayah_city_72.12,KAB. MOROWALI UTARA,72,12
Sulawesi Tengah,wilayah_city_72.08,KAB. PARIGI MOUTONG,72,08
Sulawesi Tengah,wilayah_city_72.02,KAB. POSO,72,02
Sulawesi Tengah,wilayah_city_72.1,KAB. SIGI,72,1
Sulawesi Tengah,wilayah_city_72.09,KAB. TOJO UNA UNA,72,09
Sulawesi Tengah,wilayah_city_72.04,KAB. TOLI TOLI,72,04
Sulawesi Tengah,wilayah_city_72.71,KOTA PALU,72,71
Sulawesi Tenggara,wilayah_city_74.06,KAB. BOMBANA,74,06
Sulawesi Tenggara,wilayah_city_74.04,KAB. BUTON,74,04
Sulawesi Tenggara,wilayah_city_74.15,KAB. BUTON SELATAN,74,15
Sulawesi Tenggara,wilayah_city_74.14,KAB. BUTON TENGAH,74,14
Sulawesi Tenggara,wilayah_city_74.1,KAB. BUTON UTARA,74,1
Sulawesi Tenggara,wilayah_city_74.01,KAB. KOLAKA,74,01
Sulawesi Tenggara,wilayah_city_74.11,KAB. KOLAKA TIMUR,74,11
Sulawesi Tenggara,wilayah_city_74.08,KAB. KOLAKA UTARA,74,08
Sulawesi Tenggara,wilayah_city_74.02,KAB. KONAWE,74,02
Sulawesi Tenggara,wilayah_city_74.12,KAB. KONAWE KEPULAUAN,74,12
Sulawesi Tenggara,wilayah_city_74.05,KAB. KONAWE SELATAN,74,05
Sulawesi Tenggara,wilayah_city_74.09,KAB. KONAWE UTARA,74,09
Sulawesi Tenggara,wilayah_city_74.03,KAB. MUNA,74,03
Sulawesi Tenggara,wilayah_city_74.13,KAB. MUNA BARAT,74,13
Sulawesi Tenggara,wilayah_city_74.07,KAB. WAKATOBI,74,07
Sulawesi Tenggara,wilayah_city_74.72,KOTA BAU BAU,74,72
Sulawesi Tenggara,wilayah_city_74.71,KOTA KENDARI,74,71
Sulawesi Utara,wilayah_city_71.01,KAB. BOLAANG MONGONDOW,71,01
Sulawesi Utara,wilayah_city_71.11,KAB. BOLAANG MONGONDOW SELATAN,71,11
Sulawesi Utara,wilayah_city_71.1,KAB. BOLAANG MONGONDOW TIMUR,71,1
Sulawesi Utara,wilayah_city_71.08,KAB. BOLAANG MONGONDOW UTARA,71,08
Sulawesi Utara,wilayah_city_71.09,KAB. KEP. SIAU TAGULANDANG BIARO,71,09
Sulawesi Utara,wilayah_city_71.03,KAB. KEPULAUAN SANGIHE,71,03
Sulawesi Utara,wilayah_city_71.04,KAB. KEPULAUAN TALAUD,71,04
Sulawesi Utara,wilayah_city_71.02,KAB. MINAHASA,71,02
Sulawesi Utara,wilayah_city_71.05,KAB. MINAHASA SELATAN,71,05
Sulawesi Utara,wilayah_city_71.07,KAB. MINAHASA TENGGARA,71,07
Sulawesi Utara,wilayah_city_71.06,KAB. MINAHASA UTARA,71,06
Sulawesi Utara,wilayah_city_71.72,KOTA BITUNG,71,72
Sulawesi Utara,wilayah_city_71.74,KOTA KOTAMOBAGU,71,74
Sulawesi Utara,wilayah_city_71.71,KOTA MANADO,71,71
Sulawesi Utara,wilayah_city_71.73,KOTA TOMOHON,71,73
Sumatra Barat,wilayah_city_13.06,KAB. AGAM,13,06
Sumatra Barat,wilayah_city_13.1,KAB. DHARMASRAYA,13,1
Sumatra Barat,wilayah_city_13.09,KAB. KEPULAUAN MENTAWAI,13,09
Sumatra Barat,wilayah_city_13.07,KAB. LIMA PULUH KOTA,13,07
Sumatra Barat,wilayah_city_13.05,KAB. PADANG PARIAMAN,13,05
Sumatra Barat,wilayah_city_13.08,KAB. PASAMAN,13,08
Sumatra Barat,wilayah_city_13.12,KAB. PASAMAN BARAT,13,12
Sumatra Barat,wilayah_city_13.01,KAB. PESISIR SELATAN,13,01
Sumatra Barat,wilayah_city_13.03,KAB. SIJUNJUNG,13,03
Sumatra Barat,wilayah_city_13.02,KAB. SOLOK,13,02
Sumatra Barat,wilayah_city_13.11,KAB. SOLOK SELATAN,13,11
Sumatra Barat,wilayah_city_13.04,KAB. TANAH DATAR,13,04
Sumatra Barat,wilayah_city_13.75,KOTA BUKITTINGGI,13,75
Sumatra Barat,wilayah_city_13.71,KOTA PADANG,13,71
Sumatra Barat,wilayah_city_13.74,KOTA PADANG PANJANG,13,74
Sumatra Barat,wilayah_city_13.77,KOTA PARIAMAN,13,77
Sumatra Barat,wilayah_city_13.76,KOTA PAYAKUMBUH,13,76
Sumatra Barat,wilayah_city_13.73,KOTA SAWAHLUNTO,13,73
Sumatra Barat,wilayah_city_13.72,KOTA SOLOK,13,72
Sumatra Selatan,wilayah_city_16.07,KAB. BANYUASIN,16,07
Sumatra Selatan,wilayah_city_16.11,KAB. EMPAT LAWANG,16,11
Sumatra Selatan,wilayah_city_16.04,KAB. LAHAT,16,04
Sumatra Selatan,wilayah_city_16.03,KAB. MUARA ENIM,16,03
Sumatra Selatan,wilayah_city_16.06,KAB. MUSI BANYUASIN,16,06
Sumatra Selatan,wilayah_city_16.05,KAB. MUSI RAWAS,16,05
Sumatra Selatan,wilayah_city_16.13,KAB. MUSI RAWAS UTARA,16,13
Sumatra Selatan,wilayah_city_16.1,KAB. OGAN ILIR,16,1
Sumatra Selatan,wilayah_city_16.02,KAB. OGAN KOMERING ILIR,16,02
Sumatra Selatan,wilayah_city_16.01,KAB. OGAN KOMERING ULU,16,01
Sumatra Selatan,wilayah_city_16.09,KAB. OGAN KOMERING ULU SELATAN,16,09
Sumatra Selatan,wilayah_city_16.08,KAB. OGAN KOMERING ULU TIMUR,16,08
Sumatra Selatan,wilayah_city_16.12,KAB. PENUKAL ABAB LEMATANG ILIR,16,12
Sumatra Selatan,wilayah_city_16.73,KOTA LUBUK LINGGAU,16,73
Sumatra Selatan,wilayah_city_16.72,KOTA PAGAR ALAM,16,72
Sumatra Selatan,wilayah_city_16.71,KOTA PALEMBANG,16,71
Sumatra Selatan,wilayah_city_16.74,KOTA PRABUMULIH,16,74
Sumatra Utara,wilayah_city_12.09,KAB. ASAHAN,12,09
Sumatra Utara,wilayah_city_12.19,KAB. BATU BARA,12,19
Sumatra Utara,wilayah_city_12.11,KAB. DAIRI,12,11
Sumatra Utara,wilayah_city_12.07,KAB. DELI SERDANG,12,07
Sumatra Utara,wilayah_city_12.16,KAB. HUMBANG HASUNDUTAN,12,16
Sumatra Utara,wilayah_city_12.06,KAB. KARO,12,06
Sumatra Utara,wilayah_city_12.1,KAB. LABUHANBATU,12,1
Sumatra Utara,wilayah_city_12.22,KAB. LABUHANBATU SELATAN,12,22
Sumatra Utara,wilayah_city_12.23,KAB. LABUHANBATU UTARA,12,23
Sumatra Utara,wilayah_city_12.05,KAB. LANGKAT,12,05
Sumatra Utara,wilayah_city_12.13,KAB. MANDAILING NATAL,12,13
Sumatra Utara,wilayah_city_12.04,KAB. NIAS,12,04
Sumatra Utara,wilayah_city_12.25,KAB. NIAS BARAT,12,25
Sumatra Utara,wilayah_city_12.14,KAB. NIAS SELATAN,12,14
Sumatra Utara,wilayah_city_12.24,KAB. NIAS UTARA,12,24
Sumatra Utara,wilayah_city_12.21,KAB. PADANG LAWAS,12,21
Sumatra Utara,wilayah_city_12.2,KAB. PADANG LAWAS UTARA,12,2
Sumatra Utara,wilayah_city_12.15,KAB. PAKPAK BHARAT,12,15
Sumatra Utara,wilayah_city_12.17,KAB. SAMOSIR,12,17
Sumatra Utara,wilayah_city_12.18,KAB. SERDANG BEDAGAI,12,18
Sumatra Utara,wilayah_city_12.08,KAB. SIMALUNGUN,12,08
Sumatra Utara,wilayah_city_12.03,KAB. TAPANULI SELATAN,12,03
Sumatra Utara,wilayah_city_12.01,KAB. TAPANULI TENGAH,12,01
Sumatra Utara,wilayah_city_12.02,KAB. TAPANULI UTARA,12,02
Sumatra Utara,wilayah_city_12.12,KAB. TOBA,12,12
Sumatra Utara,wilayah_city_12.75,KOTA BINJAI,12,75
Sumatra Utara,wilayah_city_12.78,KOTA GUNUNGSITOLI,12,78
Sumatra Utara,wilayah_city_12.71,KOTA MEDAN,12,71
Sumatra Utara,wilayah_city_12.77,KOTA PADANGSIDIMPUAN,12,77
Sumatra Utara,wilayah_city_12.72,KOTA PEMATANGSIANTAR,12,72
Sumatra Utara,wilayah_city_12.73,KOTA SIBOLGA,12,73
Sumatra Utara,wilayah_city_12.74,KOTA TANJUNG BALAI,12,74
Sumatra Utara,wilayah_city_12.76,KOTA TEBING TINGGI,12,76
